"ID","Module / Feature","Edge Case Title","Preconditions / Setup","Trigger / Test Input","Expected Result / System Behavior","Severity / Impact","Status / Resolution"
"EC-001","Gold Micro-Savings","Fractional Micro-Gold Float Rounding","User auto-stashes small roundup amounts (e.g. ₹15)","Daily UPI roundup transaction triggered","Enforces 4-decimal float guard (e.g. 0.0020g) to prevent IEEE 754 precision loss and loan underwriting rounding errors","High","Handled via 4-decimal floor string formatter"
"EC-002","Gold Micro-Savings","Rapid Double-Tap on Stash Gold CTA","Active session, balance ₹500","User double-taps 'Stash ₹100 Gold' button within 200ms","Button is disabled instantly on first tap (idempotency key sent); only single transaction processes","Medium","Handled via UI disable & idempotency token"
"EC-003","Gold Micro-Savings","Zero or Negative Deposit Attempt","Save Screen loaded","User manually inputs ₹0 or negative value in custom amount input","CTA button disabled; inline error message 'Minimum stash amount is ₹10'","Low","Validated client-side & server-side"
"EC-004","Gold Micro-Savings","Gold Price Slippage During Transaction","Buy order initiated at ₹7,485.50/g","Market gold rate updates to ₹7,510.00/g before payment confirmation","App displays slippage warning if price increases >0.5%; prompts user to re-confirm updated gold weight","High","Slippage guard window of 30 seconds"
"EC-005","Flash Borrow & LTV","Sudden Market Crash (-12.4% LTV Dropped)","User has active ₹18,000 loan against 14.825g gold","Simulated market price drop of 12.4%","Margin call alert triggered; freezes new credit line extension; prompts micro-stash top-up without forced liquidation","Critical","Simulated via Edge Case Simulator"
"EC-006","Flash Borrow & LTV","Credit Request Exceeding Unlocked LTV","Unlocked limit ₹94,327","User attempts custom borrow input of ₹1,00,000","Slider/Input auto-clamps to ₹94,327 max limit with helper tooltip 'Maximum 85% LTV reached'","High","Enforced by slider constraints"
"EC-007","Flash Borrow & LTV","Zero Collateral Borrow Attempt","New user with 0g gold in vault","User navigates to Borrow tab and clicks 'Flash Borrow'","Borrow button disabled; banner prompts 'Stash gold or claim starter gift to unlock credit line'","High","Onboarding vault check enforced"
"EC-008","Flash Borrow & LTV","KYC Expiry on High Value Loan (>₹1 Lakh)","Basic Video-KYC user attempts loan","User selects ₹1,50,000 borrow slider value","Blocks transaction; opens DigiLocker re-verification modal while preserving selected loan slider state","High","Handled via DigiLocker inline modal"
"EC-009","Flash Borrow & LTV","Extreme Gold Price Drop (>25% Liquidation Breach)","Active loan at 85% LTV","Gold price crashes >25% continuously for 48 hours","System sends push/SMS alerts; 24-hour grace window given to deposit collateral before partial automated liquidation","Critical","Safeguard policy active"
"EC-010","Flash Borrow & LTV","Partial Loan Repayment Calculation","Active loan of ₹18,000 at 0.79%/mo APR","User repays ₹10,000 mid-billing cycle","Daily interest recalculates instantly on remaining ₹8,000 balance; unlocked credit limit updates immediately","Medium","Real-time interest engine calculation"
"EC-011","Squad Vault & Referrals","Squad Member Withdrawal & Tier Drop","Squad gold pool at 52.45g (Bonus +1.70% APY unlocked)","Squad member withdraws 8.0g, dropping total to 44.45g (<50g threshold)","48-hour grace period badge stays active; squad notified to invite new member before APY multiplier resets to base level","High","48-hour grace period logic"
"EC-012","Squad Vault & Referrals","Invalid or Expired Squad Code Input","Referral screen active","User enters non-existent squad code 'INVALID99'","Shows error banner 'Invalid squad code. Check code and try again'; prevents joining","Medium","Code validation against backend API"
"EC-013","Squad Vault & Referrals","Maximum Squad Capacity Reached","Squad has 4/4 active members","5th member tries to join squad code 'AXYR'","Displays 'Squad Vault Full (4/4)' message; prompts user to create a new squad or request invite to another squad","Low","Squad member limit check"
"EC-014","Squad Vault & Referrals","Self-Referral Attempt","User logged in with own referral code 'AXYR'","User pastes own referral code into referral input box","System detects match with user ID; shows warning 'You cannot use your own referral code'","Medium","Prevented via user ID validation"
"EC-015","Daily Stash Streak","Cross-Midnight Streak Claim (Timezone Shift)","User opens app at 11:59 PM IST on Day 4","User taps 'Claim Day 5' at 12:01 AM IST (Day 5)","Server validates UTC timestamp; correctly attributes claim to Day 5 without losing streak counter","High","Server-side UTC timestamp validation"
"EC-016","Daily Stash Streak","Missed Day Check-In (Streak Break)","User on 4-day streak misses Day 5 check-in","User logs in 48 hours later (Day 6)","Streak resets to Day 1 with option to use 1-time 'Streak Repair' via ₹10 gold stash purchase","Medium","Streak break & repair mechanism"
"EC-017","Daily Stash Streak","Double Claim Attempt on Reward","Low network latency on Day 5 claim","User taps 'Claim +35mg Gold' multiple times quickly","Optimistic UI updates count; backend deduplicates payload using daily streak transaction key","High","Deduplicated idempotency key"
"EC-018","Payment & Disbursement","Bank Node Timeout During Payout","Credit line approved, collateral locked","Payout API times out after 15 seconds during UPI bank transfer","Transaction enters 'Pending Rollback' state; collateral hold released within 30s; user notified with status banner","Critical","Atomic transaction rollback guard"
"EC-019","Payment & Disbursement","Bank Account Name Mismatch","PAN registered as 'Drashti G'","Payout requested to bank account registered under 'Rahul S'","Disbursement rejected by bank gateway; inline prompt asks user to select verified primary bank account matching PAN","High","Automated name matching check"
"EC-020","Payment & Disbursement","App Inactivation / Backgrounding during Payout","Loan disbursement modal open and processing","User switches to another app or locks phone","Background task completes payout securely; push notification sent with receipt; biometric authentication required on app resume","High","Secure background payload completion"
"EC-021","Network & Sync","Offline Mode Daily Stash Claim","Network disabled (airplane mode)","User taps 'Claim Daily Gold'","App displays offline banner; queues reward claim in Encrypted Local Storage (AsyncStorage); syncs automatically on reconnect","Medium","Handled by offline queue manager"
"EC-022","Network & Sync","WebSocket Ticker Disconnection","Live 24K Gold price ticker streaming","Wi-Fi drops while user views real-time gold price chart","Ticker falls back to last cached price with indicator 'Reconnecting live market data...'; polls HTTP endpoint every 10s","Medium","Auto-reconnect & HTTP fallback"
"EC-023","Network & Sync","App Termination During Stash Payload","User purchasing ₹500 gold","App force-closed / killed by OS during payment gateway callback","Payment gateway webhook reconciles transaction asynchronously; gold credited to vault on next app launch","High","Webhook reconciliation pipeline"
"EC-024","Build & Release","Android Release Signing Key Mismatch","Existing user has v0.0.1 installed with Debug key","User updates to v1.0.0 signed with production release.keystore","Android OS prevents APK overwriting with error INSTALL_FAILED_UPDATE_INCOMPATIBLE; requires uninstalling debug version first","High","Expected Android OS security behavior"
"EC-025","Build & Release","Gradle Download Network Timeout","CI/CD pipeline building release APK","Gradle wrapper download exceeds default 10s timeout","Resolved by configuring networkTimeout=600000 (10 minutes) in gradle-wrapper.properties","Medium","Resolved in gradle-wrapper config"
"EC-026","Build & Release","Proguard / R8 Minification Reflection Crash","Release build with minifyEnabled true","R8 obfuscates JSON data models used in React Native bridge","Proguard rules (proguard-rules.pro) preserve Keep annotations for React Native native modules and models","High","Handled in Proguard configuration"
